text,incident_type,source
"Multiple hosts showing signs of Cobalt Strike infection including registry modifications, scheduled tasks creation, and network scanning behavior.",Malware,Synthetic-Enhanced
"Multiple hosts showing signs of Cobalt Strike infection including registry modifications, scheduled tasks creation, and network scanning behavior.",Malware,Synthetic-Enhanced
"Security team detected unusual process executing on endpoint WS-4030, identified as Cobalt Strike variant attempting to establish command and control communication.",Malware,Synthetic-Enhanced
"Security team detected unusual process executing on endpoint WS-5623, identified as Qakbot variant attempting to establish command and control communication.",Malware,Synthetic-Enhanced
"Endpoint protection blocked execution of suspicious binary 46fdb5..., analysis confirmed it as worm attempting privilege escalation.",Malware,Synthetic-Enhanced
"Security team detected unusual process executing on endpoint WS-5583, identified as Qakbot variant attempting to establish command and control communication.",Malware,Synthetic-Enhanced
"User reported system slowdown. Investigation revealed backdoor infection spreading through network share, affecting 494 workstations.",Malware,Synthetic-Enhanced
"Multiple hosts showing signs of IcedID infection including registry modifications, scheduled tasks creation, and network scanning behavior.",Malware,Synthetic-Enhanced
"User reported system slowdown. Investigation revealed trojan infection spreading through network share, affecting 227 workstations.",Malware,Synthetic-Enhanced
"User reported system slowdown. Investigation revealed infostealer infection spreading through network share, affecting 478 workstations.",Malware,Synthetic-Enhanced
"Automated scan discovered Cobalt Strike trojan on server SRV-APP-64, exfiltrating data to external IP address over encrypted channel.",Malware,Synthetic-Enhanced
"Automated scan discovered Cobalt Strike trojan on server SRV-APP-84, exfiltrating data to external IP address over encrypted channel.",Malware,Synthetic-Enhanced
"Security team detected unusual process executing on endpoint WS-8011, identified as Qakbot variant attempting to establish command and control communication.",Malware,Synthetic-Enhanced
"Security team detected unusual process executing on endpoint WS-6705, identified as Cobalt Strike variant attempting to establish command and control communication.",Malware,Synthetic-Enhanced
"User reported system slowdown. Investigation revealed trojan infection spreading through network share, affecting 496 workstations.",Malware,Synthetic-Enhanced
"User reported system slowdown. Investigation revealed loader infection spreading through network share, affecting 71 workstations.",Malware,Synthetic-Enhanced
"Endpoint protection blocked execution of suspicious binary 222380..., analysis confirmed it as loader attempting privilege escalation.",Malware,Synthetic-Enhanced
"Automated scan discovered TrickBot trojan on server SRV-FILE-67, exfiltrating data to external IP address over encrypted channel.",Malware,Synthetic-Enhanced
"User reported system slowdown. Investigation revealed trojan infection spreading through network share, affecting 332 workstations.",Malware,Synthetic-Enhanced
"Automated scan discovered Qakbot trojan on server SRV-APP-33, exfiltrating data to external IP address over encrypted channel.",Malware,Synthetic-Enhanced
"Automated scan discovered Cobalt Strike trojan on server SRV-FILE-59, exfiltrating data to external IP address over encrypted channel.",Malware,Synthetic-Enhanced
"Security team detected unusual process executing on endpoint WS-4855, identified as Qakbot variant attempting to establish command and control communication.",Malware,Synthetic-Enhanced
"Automated scan discovered TrickBot trojan on server SRV-APP-55, exfiltrating data to external IP address over encrypted channel.",Malware,Synthetic-Enhanced
"User reported system slowdown. Investigation revealed loader infection spreading through network share, affecting 310 workstations.",Malware,Synthetic-Enhanced
"Multiple hosts showing signs of IcedID infection including registry modifications, scheduled tasks creation, and network scanning behavior.",Malware,Synthetic-Enhanced
"Endpoint protection blocked execution of suspicious binary 7c4da4..., analysis confirmed it as trojan attempting privilege escalation.",Malware,Synthetic-Enhanced
"User reported system slowdown. Investigation revealed infostealer infection spreading through network share, affecting 331 workstations.",Malware,Synthetic-Enhanced
"Endpoint protection blocked execution of suspicious binary 683e4a..., analysis confirmed it as worm attempting privilege escalation.",Malware,Synthetic-Enhanced
"Endpoint protection blocked execution of suspicious binary 891276..., analysis confirmed it as worm attempting privilege escalation.",Malware,Synthetic-Enhanced
"Multiple hosts showing signs of BumbleBee infection including registry modifications, scheduled tasks creation, and network scanning behavior.",Malware,Synthetic-Enhanced
"Endpoint protection blocked execution of suspicious binary 3b11d8..., analysis confirmed it as RAT attempting privilege escalation.",Malware,Synthetic-Enhanced
"Automated scan discovered Qakbot trojan on server SRV-DB-11, exfiltrating data to external IP address over encrypted channel.",Malware,Synthetic-Enhanced
"Multiple hosts showing signs of IcedID infection including registry modifications, scheduled tasks creation, and network scanning behavior.",Malware,Synthetic-Enhanced
"Endpoint protection blocked execution of suspicious binary 5a6084..., analysis confirmed it as infostealer attempting privilege escalation.",Malware,Synthetic-Enhanced
"User reported system slowdown. Investigation revealed infostealer infection spreading through network share, affecting 271 workstations.",Malware,Synthetic-Enhanced
"Automated scan discovered TrickBot trojan on server SRV-DB-82, exfiltrating data to external IP address over encrypted channel.",Malware,Synthetic-Enhanced
"Automated scan discovered IcedID trojan on server SRV-APP-45, exfiltrating data to external IP address over encrypted channel.",Malware,Synthetic-Enhanced
"Automated scan discovered Emotet trojan on server SRV-DB-84, exfiltrating data to external IP address over encrypted channel.",Malware,Synthetic-Enhanced
"Security team detected unusual process executing on endpoint WS-7812, identified as TrickBot variant attempting to establish command and control communication.",Malware,Synthetic-Enhanced
"Security team detected unusual process executing on endpoint WS-7362, identified as IcedID variant attempting to establish command and control communication.",Malware,Synthetic-Enhanced
"Endpoint protection blocked execution of suspicious binary 944bc0..., analysis confirmed it as worm attempting privilege escalation.",Malware,Synthetic-Enhanced
"User reported system slowdown. Investigation revealed backdoor infection spreading through network share, affecting 176 workstations.",Malware,Synthetic-Enhanced
"Security team detected unusual process executing on endpoint WS-8917, identified as BumbleBee variant attempting to establish command and control communication.",Malware,Synthetic-Enhanced
"Automated scan discovered IcedID trojan on server SRV-APP-86, exfiltrating data to external IP address over encrypted channel.",Malware,Synthetic-Enhanced
"User reported system slowdown. Investigation revealed infostealer infection spreading through network share, affecting 37 workstations.",Malware,Synthetic-Enhanced
"Endpoint protection blocked execution of suspicious binary 1db753..., analysis confirmed it as trojan attempting privilege escalation.",Malware,Synthetic-Enhanced
"User reported system slowdown. Investigation revealed backdoor infection spreading through network share, affecting 130 workstations.",Malware,Synthetic-Enhanced
"User reported system slowdown. Investigation revealed worm infection spreading through network share, affecting 386 workstations.",Malware,Synthetic-Enhanced
"Multiple hosts showing signs of BumbleBee infection including registry modifications, scheduled tasks creation, and network scanning behavior.",Malware,Synthetic-Enhanced
"Multiple hosts showing signs of TrickBot infection including registry modifications, scheduled tasks creation, and network scanning behavior.",Malware,Synthetic-Enhanced
"Endpoint protection blocked execution of suspicious binary 3b05b1..., analysis confirmed it as worm attempting privilege escalation.",Malware,Synthetic-Enhanced
"User reported system slowdown. Investigation revealed loader infection spreading through network share, affecting 380 workstations.",Malware,Synthetic-Enhanced
"Automated scan discovered Emotet trojan on server SRV-DB-54, exfiltrating data to external IP address over encrypted channel.",Malware,Synthetic-Enhanced
"User reported system slowdown. Investigation revealed loader infection spreading through network share, affecting 19 workstations.",Malware,Synthetic-Enhanced
"Security team detected unusual process executing on endpoint WS-4177, identified as Qakbot variant attempting to establish command and control communication.",Malware,Synthetic-Enhanced
"User reported system slowdown. Investigation revealed loader infection spreading through network share, affecting 438 workstations.",Malware,Synthetic-Enhanced
"Multiple hosts showing signs of IcedID infection including registry modifications, scheduled tasks creation, and network scanning behavior.",Malware,Synthetic-Enhanced
"User reported system slowdown. Investigation revealed backdoor infection spreading through network share, affecting 146 workstations.",Malware,Synthetic-Enhanced
"Multiple hosts showing signs of Cobalt Strike infection including registry modifications, scheduled tasks creation, and network scanning behavior.",Malware,Synthetic-Enhanced
"Security team detected unusual process executing on endpoint WS-6072, identified as Qakbot variant attempting to establish command and control communication.",Malware,Synthetic-Enhanced
"Endpoint protection blocked execution of suspicious binary 885b06..., analysis confirmed it as worm attempting privilege escalation.",Malware,Synthetic-Enhanced
"User reported system slowdown. Investigation revealed RAT infection spreading through network share, affecting 276 workstations.",Malware,Synthetic-Enhanced
"Security team detected unusual process executing on endpoint WS-9295, identified as BumbleBee variant attempting to establish command and control communication.",Malware,Synthetic-Enhanced
"Multiple hosts showing signs of BumbleBee infection including registry modifications, scheduled tasks creation, and network scanning behavior.",Malware,Synthetic-Enhanced
"User reported system slowdown. Investigation revealed loader infection spreading through network share, affecting 307 workstations.",Malware,Synthetic-Enhanced
"User reported system slowdown. Investigation revealed loader infection spreading through network share, affecting 94 workstations.",Malware,Synthetic-Enhanced
"Security team detected unusual process executing on endpoint WS-8178, identified as Qakbot variant attempting to establish command and control communication.",Malware,Synthetic-Enhanced
"Multiple hosts showing signs of Cobalt Strike infection including registry modifications, scheduled tasks creation, and network scanning behavior.",Malware,Synthetic-Enhanced
"Automated scan discovered TrickBot trojan on server SRV-DB-32, exfiltrating data to external IP address over encrypted channel.",Malware,Synthetic-Enhanced
"Multiple hosts showing signs of Cobalt Strike infection including registry modifications, scheduled tasks creation, and network scanning behavior.",Malware,Synthetic-Enhanced
"Endpoint protection blocked execution of suspicious binary 7f6d7f..., analysis confirmed it as infostealer attempting privilege escalation.",Malware,Synthetic-Enhanced
"Multiple hosts showing signs of Emotet infection including registry modifications, scheduled tasks creation, and network scanning behavior.",Malware,Synthetic-Enhanced
"Automated scan discovered Emotet trojan on server SRV-APP-24, exfiltrating data to external IP address over encrypted channel.",Malware,Synthetic-Enhanced
"Multiple hosts showing signs of Cobalt Strike infection including registry modifications, scheduled tasks creation, and network scanning behavior.",Malware,Synthetic-Enhanced
"Multiple hosts showing signs of IcedID infection including registry modifications, scheduled tasks creation, and network scanning behavior.",Malware,Synthetic-Enhanced
"Endpoint protection blocked execution of suspicious binary 26e06b..., analysis confirmed it as backdoor attempting privilege escalation.",Malware,Synthetic-Enhanced
"Endpoint protection blocked execution of suspicious binary 685357..., analysis confirmed it as infostealer attempting privilege escalation.",Malware,Synthetic-Enhanced
"Endpoint protection blocked execution of suspicious binary 4a6557..., analysis confirmed it as worm attempting privilege escalation.",Malware,Synthetic-Enhanced
"Endpoint protection blocked execution of suspicious binary 753f87..., analysis confirmed it as loader attempting privilege escalation.",Malware,Synthetic-Enhanced
"Multiple hosts showing signs of BumbleBee infection including registry modifications, scheduled tasks creation, and network scanning behavior.",Malware,Synthetic-Enhanced
"Automated scan discovered Emotet trojan on server SRV-DB-19, exfiltrating data to external IP address over encrypted channel.",Malware,Synthetic-Enhanced
"Multiple hosts showing signs of TrickBot infection including registry modifications, scheduled tasks creation, and network scanning behavior.",Malware,Synthetic-Enhanced
"User reported system slowdown. Investigation revealed worm infection spreading through network share, affecting 186 workstations.",Malware,Synthetic-Enhanced
"Endpoint protection blocked execution of suspicious binary 212870..., analysis confirmed it as infostealer attempting privilege escalation.",Malware,Synthetic-Enhanced
"Multiple hosts showing signs of Qakbot infection including registry modifications, scheduled tasks creation, and network scanning behavior.",Malware,Synthetic-Enhanced
"Automated scan discovered Emotet trojan on server SRV-APP-61, exfiltrating data to external IP address over encrypted channel.",Malware,Synthetic-Enhanced
"Multiple hosts showing signs of IcedID infection including registry modifications, scheduled tasks creation, and network scanning behavior.",Malware,Synthetic-Enhanced
"Automated scan discovered IcedID trojan on server SRV-APP-33, exfiltrating data to external IP address over encrypted channel.",Malware,Synthetic-Enhanced
"User reported system slowdown. Investigation revealed backdoor infection spreading through network share, affecting 111 workstations.",Malware,Synthetic-Enhanced
"Multiple hosts showing signs of BumbleBee infection including registry modifications, scheduled tasks creation, and network scanning behavior.",Malware,Synthetic-Enhanced
"Endpoint protection blocked execution of suspicious binary 8e8673..., analysis confirmed it as backdoor attempting privilege escalation.",Malware,Synthetic-Enhanced
"Multiple hosts showing signs of Emotet infection including registry modifications, scheduled tasks creation, and network scanning behavior.",Malware,Synthetic-Enhanced
"Multiple hosts showing signs of Emotet infection including registry modifications, scheduled tasks creation, and network scanning behavior.",Malware,Synthetic-Enhanced
"Multiple hosts showing signs of Qakbot infection including registry modifications, scheduled tasks creation, and network scanning behavior.",Malware,Synthetic-Enhanced
"Endpoint protection blocked execution of suspicious binary 82383b..., analysis confirmed it as RAT attempting privilege escalation.",Malware,Synthetic-Enhanced
"User reported system slowdown. Investigation revealed trojan infection spreading through network share, affecting 441 workstations.",Malware,Synthetic-Enhanced
"User reported system slowdown. Investigation revealed backdoor infection spreading through network share, affecting 94 workstations.",Malware,Synthetic-Enhanced
"Automated scan discovered BumbleBee trojan on server SRV-APP-43, exfiltrating data to external IP address over encrypted channel.",Malware,Synthetic-Enhanced
"Multiple hosts showing signs of Cobalt Strike infection including registry modifications, scheduled tasks creation, and network scanning behavior.",Malware,Synthetic-Enhanced
"User reported system slowdown. Investigation revealed loader infection spreading through network share, affecting 411 workstations.",Malware,Synthetic-Enhanced
"Multiple hosts showing signs of TrickBot infection including registry modifications, scheduled tasks creation, and network scanning behavior.",Malware,Synthetic-Enhanced
"Automated scan discovered Emotet trojan on server SRV-APP-30, exfiltrating data to external IP address over encrypted channel.",Malware,Synthetic-Enhanced
"Multiple hosts showing signs of Qakbot infection including registry modifications, scheduled tasks creation, and network scanning behavior.",Malware,Synthetic-Enhanced
"Security team detected unusual process executing on endpoint WS-5025, identified as IcedID variant attempting to establish command and control communication.",Malware,Synthetic-Enhanced
"Endpoint protection blocked execution of suspicious binary 77f86f..., analysis confirmed it as loader attempting privilege escalation.",Malware,Synthetic-Enhanced
"Multiple hosts showing signs of TrickBot infection including registry modifications, scheduled tasks creation, and network scanning behavior.",Malware,Synthetic-Enhanced
"Security team detected unusual process executing on endpoint WS-8211, identified as Qakbot variant attempting to establish command and control communication.",Malware,Synthetic-Enhanced
"Multiple hosts showing signs of IcedID infection including registry modifications, scheduled tasks creation, and network scanning behavior.",Malware,Synthetic-Enhanced
"Security team detected unusual process executing on endpoint WS-7740, identified as TrickBot variant attempting to establish command and control communication.",Malware,Synthetic-Enhanced
"Automated scan discovered IcedID trojan on server SRV-APP-84, exfiltrating data to external IP address over encrypted channel.",Malware,Synthetic-Enhanced
"User reported system slowdown. Investigation revealed worm infection spreading through network share, affecting 155 workstations.",Malware,Synthetic-Enhanced
"User reported system slowdown. Investigation revealed infostealer infection spreading through network share, affecting 475 workstations.",Malware,Synthetic-Enhanced
"User reported system slowdown. Investigation revealed infostealer infection spreading through network share, affecting 400 workstations.",Malware,Synthetic-Enhanced
"Security team detected unusual process executing on endpoint WS-8525, identified as Emotet variant attempting to establish command and control communication.",Malware,Synthetic-Enhanced
"Endpoint protection blocked execution of suspicious binary 12ab4f..., analysis confirmed it as RAT attempting privilege escalation.",Malware,Synthetic-Enhanced
"Endpoint protection blocked execution of suspicious binary 587519..., analysis confirmed it as infostealer attempting privilege escalation.",Malware,Synthetic-Enhanced
"Security team detected unusual process executing on endpoint WS-4394, identified as Emotet variant attempting to establish command and control communication.",Malware,Synthetic-Enhanced
"Endpoint protection blocked execution of suspicious binary 619dd1..., analysis confirmed it as infostealer attempting privilege escalation.",Malware,Synthetic-Enhanced
"Endpoint protection blocked execution of suspicious binary 844b25..., analysis confirmed it as loader attempting privilege escalation.",Malware,Synthetic-Enhanced
"User reported system slowdown. Investigation revealed loader infection spreading through network share, affecting 56 workstations.",Malware,Synthetic-Enhanced
"Multiple hosts showing signs of Qakbot infection including registry modifications, scheduled tasks creation, and network scanning behavior.",Malware,Synthetic-Enhanced
"Endpoint protection blocked execution of suspicious binary 1813fb..., analysis confirmed it as infostealer attempting privilege escalation.",Malware,Synthetic-Enhanced
"Endpoint protection blocked execution of suspicious binary 57a718..., analysis confirmed it as trojan attempting privilege escalation.",Malware,Synthetic-Enhanced
"Automated scan discovered Cobalt Strike trojan on server SRV-FILE-32, exfiltrating data to external IP address over encrypted channel.",Malware,Synthetic-Enhanced
"User reported system slowdown. Investigation revealed RAT infection spreading through network share, affecting 52 workstations.",Malware,Synthetic-Enhanced
"Security team detected unusual process executing on endpoint WS-7969, identified as TrickBot variant attempting to establish command and control communication.",Malware,Synthetic-Enhanced
"Endpoint protection blocked execution of suspicious binary 327439..., analysis confirmed it as trojan attempting privilege escalation.",Malware,Synthetic-Enhanced
"Multiple hosts showing signs of IcedID infection including registry modifications, scheduled tasks creation, and network scanning behavior.",Malware,Synthetic-Enhanced
"Automated scan discovered BumbleBee trojan on server SRV-APP-99, exfiltrating data to external IP address over encrypted channel.",Malware,Synthetic-Enhanced
"Automated scan discovered BumbleBee trojan on server SRV-FILE-14, exfiltrating data to external IP address over encrypted channel.",Malware,Synthetic-Enhanced
"Multiple hosts showing signs of BumbleBee infection including registry modifications, scheduled tasks creation, and network scanning behavior.",Malware,Synthetic-Enhanced
"Automated scan discovered Emotet trojan on server SRV-FILE-98, exfiltrating data to external IP address over encrypted channel.",Malware,Synthetic-Enhanced
"Endpoint protection blocked execution of suspicious binary 3e8c67..., analysis confirmed it as worm attempting privilege escalation.",Malware,Synthetic-Enhanced
"Security team detected unusual process executing on endpoint WS-9620, identified as Emotet variant attempting to establish command and control communication.",Malware,Synthetic-Enhanced
"Multiple hosts showing signs of TrickBot infection including registry modifications, scheduled tasks creation, and network scanning behavior.",Malware,Synthetic-Enhanced
"Automated scan discovered Emotet trojan on server SRV-FILE-41, exfiltrating data to external IP address over encrypted channel.",Malware,Synthetic-Enhanced
"Security team detected unusual process executing on endpoint WS-1778, identified as IcedID variant attempting to establish command and control communication.",Malware,Synthetic-Enhanced
"Automated scan discovered Emotet trojan on server SRV-FILE-36, exfiltrating data to external IP address over encrypted channel.",Malware,Synthetic-Enhanced
"Multiple hosts showing signs of TrickBot infection including registry modifications, scheduled tasks creation, and network scanning behavior.",Malware,Synthetic-Enhanced
"Automated scan discovered Qakbot trojan on server SRV-APP-79, exfiltrating data to external IP address over encrypted channel.",Malware,Synthetic-Enhanced
"Multiple hosts showing signs of Qakbot infection including registry modifications, scheduled tasks creation, and network scanning behavior.",Malware,Synthetic-Enhanced
"User reported system slowdown. Investigation revealed RAT infection spreading through network share, affecting 333 workstations.",Malware,Synthetic-Enhanced
"Endpoint protection blocked execution of suspicious binary 12b3cd..., analysis confirmed it as worm attempting privilege escalation.",Malware,Synthetic-Enhanced
"Automated scan discovered IcedID trojan on server SRV-APP-38, exfiltrating data to external IP address over encrypted channel.",Malware,Synthetic-Enhanced
"Endpoint protection blocked execution of suspicious binary 535793..., analysis confirmed it as loader attempting privilege escalation.",Malware,Synthetic-Enhanced
"Security team detected unusual process executing on endpoint WS-9788, identified as Qakbot variant attempting to establish command and control communication.",Malware,Synthetic-Enhanced
"Endpoint protection blocked execution of suspicious binary 6d5966..., analysis confirmed it as loader attempting privilege escalation.",Malware,Synthetic-Enhanced
"Multiple hosts showing signs of Qakbot infection including registry modifications, scheduled tasks creation, and network scanning behavior.",Malware,Synthetic-Enhanced
"Endpoint protection blocked execution of suspicious binary 43b379..., analysis confirmed it as trojan attempting privilege escalation.",Malware,Synthetic-Enhanced
"Multiple hosts showing signs of TrickBot infection including registry modifications, scheduled tasks creation, and network scanning behavior.",Malware,Synthetic-Enhanced
"Database server encrypted by BlackCat, ransom demand discovered in C:\README.txt, operations critically impacted.",Ransomware,Synthetic-Enhanced
"User reported inability to access files with .encrypted extension, investigation confirmed Play ransomware deployment.",Ransomware,Synthetic-Enhanced
"Shadow copies deleted across domain, followed by widespread file encryption consistent with BlackCat attack pattern.",Ransomware,Synthetic-Enhanced
"Backup system detected 350 snapshots deleted in rapid succession, followed by file encryption activity attributed to LockBit.",Ransomware,Synthetic-Enhanced
"Database server encrypted by Akira, ransom demand discovered in C:\README.txt, operations critically impacted.",Ransomware,Synthetic-Enhanced
"User reported inability to access files with .locked extension, investigation confirmed Royal ransomware deployment.",Ransomware,Synthetic-Enhanced
"Shadow copies deleted across domain, followed by widespread file encryption consistent with BlackCat attack pattern.",Ransomware,Synthetic-Enhanced
"Backup system detected 72 snapshots deleted in rapid succession, followed by file encryption activity attributed to Play.",Ransomware,Synthetic-Enhanced
"File server experienced mass encryption event affecting 189 GB of data, ransom note identified as Royal demanding payment.",Ransomware,Synthetic-Enhanced
"User reported inability to access files with .locked extension, investigation confirmed Akira ransomware deployment.",Ransomware,Synthetic-Enhanced
"File server experienced mass encryption event affecting 493 GB of data, ransom note identified as LockBit demanding payment.",Ransomware,Synthetic-Enhanced
"User reported inability to access files with .crypt extension, investigation confirmed BlackCat ransomware deployment.",Ransomware,Synthetic-Enhanced
"Shadow copies deleted across domain, followed by widespread file encryption consistent with Royal attack pattern.",Ransomware,Synthetic-Enhanced
"Shadow copies deleted across domain, followed by widespread file encryption consistent with Akira attack pattern.",Ransomware,Synthetic-Enhanced
"User reported inability to access files with .crypt extension, investigation confirmed BlackCat ransomware deployment.",Ransomware,Synthetic-Enhanced
"User reported inability to access files with .encrypted extension, investigation confirmed Black Basta ransomware deployment.",Ransomware,Synthetic-Enhanced
"File server experienced mass encryption event affecting 437 GB of data, ransom note identified as Black Basta demanding payment.",Ransomware,Synthetic-Enhanced
"User reported inability to access files with .crypt extension, investigation confirmed LockBit ransomware deployment.",Ransomware,Synthetic-Enhanced
"Shadow copies deleted across domain, followed by widespread file encryption consistent with Akira attack pattern.",Ransomware,Synthetic-Enhanced
"File server experienced mass encryption event affecting 329 GB of data, ransom note identified as Royal demanding payment.",Ransomware,Synthetic-Enhanced
"Database server encrypted by Akira, ransom demand discovered in C:\README.txt, operations critically impacted.",Ransomware,Synthetic-Enhanced
"File server experienced mass encryption event affecting 276 GB of data, ransom note identified as Akira demanding payment.",Ransomware,Synthetic-Enhanced
"Database server encrypted by Akira, ransom demand discovered in C:\README.txt, operations critically impacted.",Ransomware,Synthetic-Enhanced
"User reported inability to access files with .crypt extension, investigation confirmed Royal ransomware deployment.",Ransomware,Synthetic-Enhanced
"Backup system detected 444 snapshots deleted in rapid succession, followed by file encryption activity attributed to Black Basta.",Ransomware,Synthetic-Enhanced
"File server experienced mass encryption event affecting 50 GB of data, ransom note identified as Akira demanding payment.",Ransomware,Synthetic-Enhanced
"File server experienced mass encryption event affecting 127 GB of data, ransom note identified as Royal demanding payment.",Ransomware,Synthetic-Enhanced
"Database server encrypted by LockBit, ransom demand discovered in C:\README.txt, operations critically impacted.",Ransomware,Synthetic-Enhanced
"File server experienced mass encryption event affecting 253 GB of data, ransom note identified as Royal demanding payment.",Ransomware,Synthetic-Enhanced
"User reported inability to access files with .encrypted extension, investigation confirmed Black Basta ransomware deployment.",Ransomware,Synthetic-Enhanced
"Database server encrypted by BlackCat, ransom demand discovered in C:\README.txt, operations critically impacted.",Ransomware,Synthetic-Enhanced
"Shadow copies deleted across domain, followed by widespread file encryption consistent with Royal attack pattern.",Ransomware,Synthetic-Enhanced
"Database server encrypted by BlackCat, ransom demand discovered in C:\README.txt, operations critically impacted.",Ransomware,Synthetic-Enhanced
"Shadow copies deleted across domain, followed by widespread file encryption consistent with BlackCat attack pattern.",Ransomware,Synthetic-Enhanced
"Database server encrypted by LockBit, ransom demand discovered in C:\README.txt, operations critically impacted.",Ransomware,Synthetic-Enhanced
"File server experienced mass encryption event affecting 417 GB of data, ransom note identified as Black Basta demanding payment.",Ransomware,Synthetic-Enhanced
"Database server encrypted by Akira, ransom demand discovered in C:\README.txt, operations critically impacted.",Ransomware,Synthetic-Enhanced
"User reported inability to access files with .locked extension, investigation confirmed Akira ransomware deployment.",Ransomware,Synthetic-Enhanced
"File server experienced mass encryption event affecting 399 GB of data, ransom note identified as Akira demanding payment.",Ransomware,Synthetic-Enhanced
"User reported inability to access files with .locked extension, investigation confirmed LockBit ransomware deployment.",Ransomware,Synthetic-Enhanced
"User reported inability to access files with .encrypted extension, investigation confirmed Black Basta ransomware deployment.",Ransomware,Synthetic-Enhanced
"Shadow copies deleted across domain, followed by widespread file encryption consistent with Akira attack pattern.",Ransomware,Synthetic-Enhanced
"Database server encrypted by Akira, ransom demand discovered in C:\README.txt, operations critically impacted.",Ransomware,Synthetic-Enhanced
"Backup system detected 448 snapshots deleted in rapid succession, followed by file encryption activity attributed to Play.",Ransomware,Synthetic-Enhanced
"User reported inability to access files with .encrypted extension, investigation confirmed Black Basta ransomware deployment.",Ransomware,Synthetic-Enhanced
"File server experienced mass encryption event affecting 245 GB of data, ransom note identified as Royal demanding payment.",Ransomware,Synthetic-Enhanced
"File server experienced mass encryption event affecting 329 GB of data, ransom note identified as Akira demanding payment.",Ransomware,Synthetic-Enhanced
"Shadow copies deleted across domain, followed by widespread file encryption consistent with LockBit attack pattern.",Ransomware,Synthetic-Enhanced
"Shadow copies deleted across domain, followed by widespread file encryption consistent with LockBit attack pattern.",Ransomware,Synthetic-Enhanced
"File server experienced mass encryption event affecting 278 GB of data, ransom note identified as Royal demanding payment.",Ransomware,Synthetic-Enhanced
"Shadow copies deleted across domain, followed by widespread file encryption consistent with BlackCat attack pattern.",Ransomware,Synthetic-Enhanced
"User reported inability to access files with .locked3 extension, investigation confirmed Royal ransomware deployment.",Ransomware,Synthetic-Enhanced
"File server experienced mass encryption event affecting 40 GB of data, ransom note identified as Akira demanding payment.",Ransomware,Synthetic-Enhanced
"File server experienced mass encryption event affecting 131 GB of data, ransom note identified as LockBit demanding payment.",Ransomware,Synthetic-Enhanced
"Backup system detected 460 snapshots deleted in rapid succession, followed by file encryption activity attributed to Black Basta.",Ransomware,Synthetic-Enhanced
"Backup system detected 385 snapshots deleted in rapid succession, followed by file encryption activity attributed to Royal.",Ransomware,Synthetic-Enhanced
"Database server encrypted by Play, ransom demand discovered in C:\README.txt, operations critically impacted.",Ransomware,Synthetic-Enhanced
"Database server encrypted by Akira, ransom demand discovered in C:\README.txt, operations critically impacted.",Ransomware,Synthetic-Enhanced
"Shadow copies deleted across domain, followed by widespread file encryption consistent with Play attack pattern.",Ransomware,Synthetic-Enhanced
"Database server encrypted by BlackCat, ransom demand discovered in C:\README.txt, operations critically impacted.",Ransomware,Synthetic-Enhanced
"File server experienced mass encryption event affecting 213 GB of data, ransom note identified as Black Basta demanding payment.",Ransomware,Synthetic-Enhanced
"File server experienced mass encryption event affecting 352 GB of data, ransom note identified as Royal demanding payment.",Ransomware,Synthetic-Enhanced
"Shadow copies deleted across domain, followed by widespread file encryption consistent with Play attack pattern.",Ransomware,Synthetic-Enhanced
"User reported inability to access files with .locked extension, investigation confirmed Akira ransomware deployment.",Ransomware,Synthetic-Enhanced
"File server experienced mass encryption event affecting 197 GB of data, ransom note identified as BlackCat demanding payment.",Ransomware,Synthetic-Enhanced
"Backup system detected 149 snapshots deleted in rapid succession, followed by file encryption activity attributed to Royal.",Ransomware,Synthetic-Enhanced
"User reported inability to access files with .encrypted extension, investigation confirmed Akira ransomware deployment.",Ransomware,Synthetic-Enhanced
"Database server encrypted by Akira, ransom demand discovered in C:\README.txt, operations critically impacted.",Ransomware,Synthetic-Enhanced
"User reported inability to access files with .locked3 extension, investigation confirmed Black Basta ransomware deployment.",Ransomware,Synthetic-Enhanced
"Database server encrypted by Black Basta, ransom demand discovered in C:\README.txt, operations critically impacted.",Ransomware,Synthetic-Enhanced
"Shadow copies deleted across domain, followed by widespread file encryption consistent with BlackCat attack pattern.",Ransomware,Synthetic-Enhanced
"Database server encrypted by Play, ransom demand discovered in C:\README.txt, operations critically impacted.",Ransomware,Synthetic-Enhanced
"Backup system detected 303 snapshots deleted in rapid succession, followed by file encryption activity attributed to Akira.",Ransomware,Synthetic-Enhanced
"Backup system detected 99 snapshots deleted in rapid succession, followed by file encryption activity attributed to Akira.",Ransomware,Synthetic-Enhanced
"Backup system detected 57 snapshots deleted in rapid succession, followed by file encryption activity attributed to Royal.",Ransomware,Synthetic-Enhanced
"File server experienced mass encryption event affecting 303 GB of data, ransom note identified as BlackCat demanding payment.",Ransomware,Synthetic-Enhanced
"Database server encrypted by BlackCat, ransom demand discovered in C:\README.txt, operations critically impacted.",Ransomware,Synthetic-Enhanced
"Database server encrypted by Black Basta, ransom demand discovered in C:\README.txt, operations critically impacted.",Ransomware,Synthetic-Enhanced
"File server experienced mass encryption event affecting 337 GB of data, ransom note identified as LockBit demanding payment.",Ransomware,Synthetic-Enhanced
"User reported inability to access files with .crypt extension, investigation confirmed LockBit ransomware deployment.",Ransomware,Synthetic-Enhanced
"User reported inability to access files with .crypt extension, investigation confirmed BlackCat ransomware deployment.",Ransomware,Synthetic-Enhanced
"Backup system detected 422 snapshots deleted in rapid succession, followed by file encryption activity attributed to Akira.",Ransomware,Synthetic-Enhanced
"Shadow copies deleted across domain, followed by widespread file encryption consistent with Royal attack pattern.",Ransomware,Synthetic-Enhanced
"Backup system detected 51 snapshots deleted in rapid succession, followed by file encryption activity attributed to Play.",Ransomware,Synthetic-Enhanced
"Shadow copies deleted across domain, followed by widespread file encryption consistent with Play attack pattern.",Ransomware,Synthetic-Enhanced
"Backup system detected 405 snapshots deleted in rapid succession, followed by file encryption activity attributed to Akira.",Ransomware,Synthetic-Enhanced
"File server experienced mass encryption event affecting 58 GB of data, ransom note identified as BlackCat demanding payment.",Ransomware,Synthetic-Enhanced
"Backup system detected 53 snapshots deleted in rapid succession, followed by file encryption activity attributed to Play.",Ransomware,Synthetic-Enhanced
"Database server encrypted by LockBit, ransom demand discovered in C:\README.txt, operations critically impacted.",Ransomware,Synthetic-Enhanced
"Backup system detected 227 snapshots deleted in rapid succession, followed by file encryption activity attributed to Play.",Ransomware,Synthetic-Enhanced
"Database server encrypted by Akira, ransom demand discovered in C:\README.txt, operations critically impacted.",Ransomware,Synthetic-Enhanced
"Shadow copies deleted across domain, followed by widespread file encryption consistent with Play attack pattern.",Ransomware,Synthetic-Enhanced
"User reported inability to access files with .crypt extension, investigation confirmed Play ransomware deployment.",Ransomware,Synthetic-Enhanced
"Database server encrypted by Akira, ransom demand discovered in C:\README.txt, operations critically impacted.",Ransomware,Synthetic-Enhanced
"Shadow copies deleted across domain, followed by widespread file encryption consistent with BlackCat attack pattern.",Ransomware,Synthetic-Enhanced
"User reported inability to access files with .encrypted extension, investigation confirmed Play ransomware deployment.",Ransomware,Synthetic-Enhanced
"User reported inability to access files with .encrypted extension, investigation confirmed Royal ransomware deployment.",Ransomware,Synthetic-Enhanced
"Database server encrypted by Play, ransom demand discovered in C:\README.txt, operations critically impacted.",Ransomware,Synthetic-Enhanced
"Shadow copies deleted across domain, followed by widespread file encryption consistent with Royal attack pattern.",Ransomware,Synthetic-Enhanced
"Database server encrypted by Akira, ransom demand discovered in C:\README.txt, operations critically impacted.",Ransomware,Synthetic-Enhanced
"Shadow copies deleted across domain, followed by widespread file encryption consistent with BlackCat attack pattern.",Ransomware,Synthetic-Enhanced
"Shadow copies deleted across domain, followed by widespread file encryption consistent with Play attack pattern.",Ransomware,Synthetic-Enhanced
"Shadow copies deleted across domain, followed by widespread file encryption consistent with Akira attack pattern.",Ransomware,Synthetic-Enhanced
"Backup system detected 361 snapshots deleted in rapid succession, followed by file encryption activity attributed to BlackCat.",Ransomware,Synthetic-Enhanced
"Database server encrypted by BlackCat, ransom demand discovered in C:\README.txt, operations critically impacted.",Ransomware,Synthetic-Enhanced
"Backup system detected 172 snapshots deleted in rapid succession, followed by file encryption activity attributed to Play.",Ransomware,Synthetic-Enhanced
"File server experienced mass encryption event affecting 161 GB of data, ransom note identified as Black Basta demanding payment.",Ransomware,Synthetic-Enhanced
"File server experienced mass encryption event affecting 483 GB of data, ransom note identified as Royal demanding payment.",Ransomware,Synthetic-Enhanced
"File server experienced mass encryption event affecting 404 GB of data, ransom note identified as Royal demanding payment.",Ransomware,Synthetic-Enhanced
"User reported inability to access files with .crypt extension, investigation confirmed Akira ransomware deployment.",Ransomware,Synthetic-Enhanced
"File server experienced mass encryption event affecting 177 GB of data, ransom note identified as Play demanding payment.",Ransomware,Synthetic-Enhanced
"User reported inability to access files with .crypt extension, investigation confirmed Black Basta ransomware deployment.",Ransomware,Synthetic-Enhanced
"Backup system detected 484 snapshots deleted in rapid succession, followed by file encryption activity attributed to BlackCat.",Ransomware,Synthetic-Enhanced
"Database server encrypted by Play, ransom demand discovered in C:\README.txt, operations critically impacted.",Ransomware,Synthetic-Enhanced
"Shadow copies deleted across domain, followed by widespread file encryption consistent with Akira attack pattern.",Ransomware,Synthetic-Enhanced
"File server experienced mass encryption event affecting 273 GB of data, ransom note identified as LockBit demanding payment.",Ransomware,Synthetic-Enhanced
"File server experienced mass encryption event affecting 242 GB of data, ransom note identified as Royal demanding payment.",Ransomware,Synthetic-Enhanced
"Shadow copies deleted across domain, followed by widespread file encryption consistent with Royal attack pattern.",Ransomware,Synthetic-Enhanced
"Backup system detected 205 snapshots deleted in rapid succession, followed by file encryption activity attributed to Play.",Ransomware,Synthetic-Enhanced
"Database server encrypted by Akira, ransom demand discovered in C:\README.txt, operations critically impacted.",Ransomware,Synthetic-Enhanced
"Shadow copies deleted across domain, followed by widespread file encryption consistent with Royal attack pattern.",Ransomware,Synthetic-Enhanced
"Database server encrypted by Royal, ransom demand discovered in C:\README.txt, operations critically impacted.",Ransomware,Synthetic-Enhanced
"Shadow copies deleted across domain, followed by widespread file encryption consistent with BlackCat attack pattern.",Ransomware,Synthetic-Enhanced
"Backup system detected 132 snapshots deleted in rapid succession, followed by file encryption activity attributed to Akira.",Ransomware,Synthetic-Enhanced
"File server experienced mass encryption event affecting 381 GB of data, ransom note identified as Play demanding payment.",Ransomware,Synthetic-Enhanced
"User reported inability to access files with .crypt extension, investigation confirmed Royal ransomware deployment.",Ransomware,Synthetic-Enhanced
"Database server encrypted by LockBit, ransom demand discovered in C:\README.txt, operations critically impacted.",Ransomware,Synthetic-Enhanced
"Backup system detected 282 snapshots deleted in rapid succession, followed by file encryption activity attributed to LockBit.",Ransomware,Synthetic-Enhanced
"User reported inability to access files with .encrypted extension, investigation confirmed BlackCat ransomware deployment.",Ransomware,Synthetic-Enhanced
"Backup system detected 97 snapshots deleted in rapid succession, followed by file encryption activity attributed to Royal.",Ransomware,Synthetic-Enhanced
"File server experienced mass encryption event affecting 353 GB of data, ransom note identified as BlackCat demanding payment.",Ransomware,Synthetic-Enhanced
"User reported inability to access files with .crypt extension, investigation confirmed Play ransomware deployment.",Ransomware,Synthetic-Enhanced
"File server experienced mass encryption event affecting 123 GB of data, ransom note identified as Black Basta demanding payment.",Ransomware,Synthetic-Enhanced
"Shadow copies deleted across domain, followed by widespread file encryption consistent with Play attack pattern.",Ransomware,Synthetic-Enhanced
"File server experienced mass encryption event affecting 487 GB of data, ransom note identified as Akira demanding payment.",Ransomware,Synthetic-Enhanced
"User reported inability to access files with .crypt extension, investigation confirmed LockBit ransomware deployment.",Ransomware,Synthetic-Enhanced
"User reported inability to access files with .locked extension, investigation confirmed Royal ransomware deployment.",Ransomware,Synthetic-Enhanced
"Backup system detected 284 snapshots deleted in rapid succession, followed by file encryption activity attributed to LockBit.",Ransomware,Synthetic-Enhanced
"Backup system detected 269 snapshots deleted in rapid succession, followed by file encryption activity attributed to Black Basta.",Ransomware,Synthetic-Enhanced
"File server experienced mass encryption event affecting 431 GB of data, ransom note identified as BlackCat demanding payment.",Ransomware,Synthetic-Enhanced
"User reported inability to access files with .encrypted extension, investigation confirmed Royal ransomware deployment.",Ransomware,Synthetic-Enhanced
"Database server encrypted by Royal, ransom demand discovered in C:\README.txt, operations critically impacted.",Ransomware,Synthetic-Enhanced
"Shadow copies deleted across domain, followed by widespread file encryption consistent with Black Basta attack pattern.",Ransomware,Synthetic-Enhanced
"Shadow copies deleted across domain, followed by widespread file encryption consistent with Royal attack pattern.",Ransomware,Synthetic-Enhanced
"Database server encrypted by BlackCat, ransom demand discovered in C:\README.txt, operations critically impacted.",Ransomware,Synthetic-Enhanced
"File server experienced mass encryption event affecting 439 GB of data, ransom note identified as BlackCat demanding payment.",Ransomware,Synthetic-Enhanced
"File server experienced mass encryption event affecting 434 GB of data, ransom note identified as Akira demanding payment.",Ransomware,Synthetic-Enhanced
"User reported inability to access files with .locked3 extension, investigation confirmed LockBit ransomware deployment.",Ransomware,Synthetic-Enhanced
"File server experienced mass encryption event affecting 403 GB of data, ransom note identified as Play demanding payment.",Ransomware,Synthetic-Enhanced
"Database server encrypted by Akira, ransom demand discovered in C:\README.txt, operations critically impacted.",Ransomware,Synthetic-Enhanced
"SYN flood attack consumed all available connections on edge routers, blocking legitimate traffic for 12 hours.",Denial of Service,Synthetic-Enhanced
"DNS infrastructure overwhelmed by amplification attack generating 265 queries per second, causing service outage.",Denial of Service,Synthetic-Enhanced
"SYN flood attack consumed all available connections on edge routers, blocking legitimate traffic for 3 hours.",Denial of Service,Synthetic-Enhanced
"DNS infrastructure overwhelmed by amplification attack generating 178 queries per second, causing service outage.",Denial of Service,Synthetic-Enhanced
"DNS infrastructure overwhelmed by amplification attack generating 59 queries per second, causing service outage.",Denial of Service,Synthetic-Enhanced
"Network operations center observed traffic spike to 143 Gbps targeting public web services, identified as volumetric DDoS attack.",Denial of Service,Synthetic-Enhanced
"Layer 7 application attack detected targeting login endpoint with 479 requests per second, exhausting server resources.",Denial of Service,Synthetic-Enhanced
"Layer 7 application attack detected targeting login endpoint with 216 requests per second, exhausting server resources.",Denial of Service,Synthetic-Enhanced
"Application performance degraded severely due to sustained request flood from botnet, legitimate users unable to access services.",Denial of Service,Synthetic-Enhanced
"SYN flood attack consumed all available connections on edge routers, blocking legitimate traffic for 6 hours.",Denial of Service,Synthetic-Enhanced
"Layer 7 application attack detected targeting login endpoint with 22 requests per second, exhausting server resources.",Denial of Service,Synthetic-Enhanced
"Network operations center observed traffic spike to 376 Gbps targeting public web services, identified as volumetric DDoS attack.",Denial of Service,Synthetic-Enhanced
"Application performance degraded severely due to sustained request flood from botnet, legitimate users unable to access services.",Denial of Service,Synthetic-Enhanced
"Network operations center observed traffic spike to 192 Gbps targeting public web services, identified as volumetric DDoS attack.",Denial of Service,Synthetic-Enhanced
"Layer 7 application attack detected targeting login endpoint with 445 requests per second, exhausting server resources.",Denial of Service,Synthetic-Enhanced
"Layer 7 application attack detected targeting login endpoint with 165 requests per second, exhausting server resources.",Denial of Service,Synthetic-Enhanced
"SYN flood attack consumed all available connections on edge routers, blocking legitimate traffic for 6 hours.",Denial of Service,Synthetic-Enhanced
"Application performance degraded severely due to sustained request flood from botnet, legitimate users unable to access services.",Denial of Service,Synthetic-Enhanced
"SYN flood attack consumed all available connections on edge routers, blocking legitimate traffic for 9 hours.",Denial of Service,Synthetic-Enhanced
"Layer 7 application attack detected targeting login endpoint with 148 requests per second, exhausting server resources.",Denial of Service,Synthetic-Enhanced
"Application performance degraded severely due to sustained request flood from botnet, legitimate users unable to access services.",Denial of Service,Synthetic-Enhanced
"Layer 7 application attack detected targeting login endpoint with 377 requests per second, exhausting server resources.",Denial of Service,Synthetic-Enhanced
"Network operations center observed traffic spike to 227 Gbps targeting public web services, identified as volumetric DDoS attack.",Denial of Service,Synthetic-Enhanced
"Layer 7 application attack detected targeting login endpoint with 321 requests per second, exhausting server resources.",Denial of Service,Synthetic-Enhanced
"DNS infrastructure overwhelmed by amplification attack generating 328 queries per second, causing service outage.",Denial of Service,Synthetic-Enhanced
"DNS infrastructure overwhelmed by amplification attack generating 203 queries per second, causing service outage.",Denial of Service,Synthetic-Enhanced
"Application performance degraded severely due to sustained request flood from botnet, legitimate users unable to access services.",Denial of Service,Synthetic-Enhanced
"DNS infrastructure overwhelmed by amplification attack generating 134 queries per second, causing service outage.",Denial of Service,Synthetic-Enhanced
"DNS infrastructure overwhelmed by amplification attack generating 404 queries per second, causing service outage.",Denial of Service,Synthetic-Enhanced
"Network operations center observed traffic spike to 56 Gbps targeting public web services, identified as volumetric DDoS attack.",Denial of Service,Synthetic-Enhanced
"Network operations center observed traffic spike to 270 Gbps targeting public web services, identified as volumetric DDoS attack.",Denial of Service,Synthetic-Enhanced
"Network operations center observed traffic spike to 133 Gbps targeting public web services, identified as volumetric DDoS attack.",Denial of Service,Synthetic-Enhanced
"DNS infrastructure overwhelmed by amplification attack generating 425 queries per second, causing service outage.",Denial of Service,Synthetic-Enhanced
"SYN flood attack consumed all available connections on edge routers, blocking legitimate traffic for 5 hours.",Denial of Service,Synthetic-Enhanced
"SYN flood attack consumed all available connections on edge routers, blocking legitimate traffic for 12 hours.",Denial of Service,Synthetic-Enhanced
"SYN flood attack consumed all available connections on edge routers, blocking legitimate traffic for 4 hours.",Denial of Service,Synthetic-Enhanced
"DNS infrastructure overwhelmed by amplification attack generating 222 queries per second, causing service outage.",Denial of Service,Synthetic-Enhanced
"SYN flood attack consumed all available connections on edge routers, blocking legitimate traffic for 9 hours.",Denial of Service,Synthetic-Enhanced
"Layer 7 application attack detected targeting login endpoint with 270 requests per second, exhausting server resources.",Denial of Service,Synthetic-Enhanced
"SYN flood attack consumed all available connections on edge routers, blocking legitimate traffic for 11 hours.",Denial of Service,Synthetic-Enhanced
"Application performance degraded severely due to sustained request flood from botnet, legitimate users unable to access services.",Denial of Service,Synthetic-Enhanced
"DNS infrastructure overwhelmed by amplification attack generating 339 queries per second, causing service outage.",Denial of Service,Synthetic-Enhanced
"SYN flood attack consumed all available connections on edge routers, blocking legitimate traffic for 7 hours.",Denial of Service,Synthetic-Enhanced
"Network operations center observed traffic spike to 136 Gbps targeting public web services, identified as volumetric DDoS attack.",Denial of Service,Synthetic-Enhanced
"DNS infrastructure overwhelmed by amplification attack generating 124 queries per second, causing service outage.",Denial of Service,Synthetic-Enhanced
"DNS infrastructure overwhelmed by amplification attack generating 379 queries per second, causing service outage.",Denial of Service,Synthetic-Enhanced
"Layer 7 application attack detected targeting login endpoint with 402 requests per second, exhausting server resources.",Denial of Service,Synthetic-Enhanced
"SYN flood attack consumed all available connections on edge routers, blocking legitimate traffic for 4 hours.",Denial of Service,Synthetic-Enhanced
"Application performance degraded severely due to sustained request flood from botnet, legitimate users unable to access services.",Denial of Service,Synthetic-Enhanced
"Network operations center observed traffic spike to 137 Gbps targeting public web services, identified as volumetric DDoS attack.",Denial of Service,Synthetic-Enhanced
"Application performance degraded severely due to sustained request flood from botnet, legitimate users unable to access services.",Denial of Service,Synthetic-Enhanced
"Layer 7 application attack detected targeting login endpoint with 154 requests per second, exhausting server resources.",Denial of Service,Synthetic-Enhanced
"DNS infrastructure overwhelmed by amplification attack generating 246 queries per second, causing service outage.",Denial of Service,Synthetic-Enhanced
"SYN flood attack consumed all available connections on edge routers, blocking legitimate traffic for 2 hours.",Denial of Service,Synthetic-Enhanced
"Layer 7 application attack detected targeting login endpoint with 129 requests per second, exhausting server resources.",Denial of Service,Synthetic-Enhanced
"DNS infrastructure overwhelmed by amplification attack generating 435 queries per second, causing service outage.",Denial of Service,Synthetic-Enhanced
"DNS infrastructure overwhelmed by amplification attack generating 94 queries per second, causing service outage.",Denial of Service,Synthetic-Enhanced
"SYN flood attack consumed all available connections on edge routers, blocking legitimate traffic for 12 hours.",Denial of Service,Synthetic-Enhanced
"DNS infrastructure overwhelmed by amplification attack generating 140 queries per second, causing service outage.",Denial of Service,Synthetic-Enhanced
"Layer 7 application attack detected targeting login endpoint with 223 requests per second, exhausting server resources.",Denial of Service,Synthetic-Enhanced
"Layer 7 application attack detected targeting login endpoint with 374 requests per second, exhausting server resources.",Denial of Service,Synthetic-Enhanced
"Layer 7 application attack detected targeting login endpoint with 337 requests per second, exhausting server resources.",Denial of Service,Synthetic-Enhanced
"DNS infrastructure overwhelmed by amplification attack generating 143 queries per second, causing service outage.",Denial of Service,Synthetic-Enhanced
"Layer 7 application attack detected targeting login endpoint with 390 requests per second, exhausting server resources.",Denial of Service,Synthetic-Enhanced
"Application performance degraded severely due to sustained request flood from botnet, legitimate users unable to access services.",Denial of Service,Synthetic-Enhanced
"Layer 7 application attack detected targeting login endpoint with 144 requests per second, exhausting server resources.",Denial of Service,Synthetic-Enhanced
"Application performance degraded severely due to sustained request flood from botnet, legitimate users unable to access services.",Denial of Service,Synthetic-Enhanced
"SYN flood attack consumed all available connections on edge routers, blocking legitimate traffic for 8 hours.",Denial of Service,Synthetic-Enhanced
"Network operations center observed traffic spike to 298 Gbps targeting public web services, identified as volumetric DDoS attack.",Denial of Service,Synthetic-Enhanced
"SYN flood attack consumed all available connections on edge routers, blocking legitimate traffic for 2 hours.",Denial of Service,Synthetic-Enhanced
"Network operations center observed traffic spike to 212 Gbps targeting public web services, identified as volumetric DDoS attack.",Denial of Service,Synthetic-Enhanced
"SYN flood attack consumed all available connections on edge routers, blocking legitimate traffic for 5 hours.",Denial of Service,Synthetic-Enhanced
"Network operations center observed traffic spike to 162 Gbps targeting public web services, identified as volumetric DDoS attack.",Denial of Service,Synthetic-Enhanced
"Layer 7 application attack detected targeting login endpoint with 260 requests per second, exhausting server resources.",Denial of Service,Synthetic-Enhanced
"SYN flood attack consumed all available connections on edge routers, blocking legitimate traffic for 8 hours.",Denial of Service,Synthetic-Enhanced
"SYN flood attack consumed all available connections on edge routers, blocking legitimate traffic for 6 hours.",Denial of Service,Synthetic-Enhanced
"Application performance degraded severely due to sustained request flood from botnet, legitimate users unable to access services.",Denial of Service,Synthetic-Enhanced
"Layer 7 application attack detected targeting login endpoint with 104 requests per second, exhausting server resources.",Denial of Service,Synthetic-Enhanced
"Application performance degraded severely due to sustained request flood from botnet, legitimate users unable to access services.",Denial of Service,Synthetic-Enhanced
"DNS infrastructure overwhelmed by amplification attack generating 407 queries per second, causing service outage.",Denial of Service,Synthetic-Enhanced
"Layer 7 application attack detected targeting login endpoint with 184 requests per second, exhausting server resources.",Denial of Service,Synthetic-Enhanced
"Layer 7 application attack detected targeting login endpoint with 124 requests per second, exhausting server resources.",Denial of Service,Synthetic-Enhanced
"Layer 7 application attack detected targeting login endpoint with 267 requests per second, exhausting server resources.",Denial of Service,Synthetic-Enhanced
"Layer 7 application attack detected targeting login endpoint with 185 requests per second, exhausting server resources.",Denial of Service,Synthetic-Enhanced
"Layer 7 application attack detected targeting login endpoint with 103 requests per second, exhausting server resources.",Denial of Service,Synthetic-Enhanced
"DNS infrastructure overwhelmed by amplification attack generating 485 queries per second, causing service outage.",Denial of Service,Synthetic-Enhanced
"SYN flood attack consumed all available connections on edge routers, blocking legitimate traffic for 3 hours.",Denial of Service,Synthetic-Enhanced
"Network operations center observed traffic spike to 144 Gbps targeting public web services, identified as volumetric DDoS attack.",Denial of Service,Synthetic-Enhanced
"Layer 7 application attack detected targeting login endpoint with 80 requests per second, exhausting server resources.",Denial of Service,Synthetic-Enhanced
"Network operations center observed traffic spike to 448 Gbps targeting public web services, identified as volumetric DDoS attack.",Denial of Service,Synthetic-Enhanced
"Application performance degraded severely due to sustained request flood from botnet, legitimate users unable to access services.",Denial of Service,Synthetic-Enhanced
"Network operations center observed traffic spike to 475 Gbps targeting public web services, identified as volumetric DDoS attack.",Denial of Service,Synthetic-Enhanced
"Network operations center observed traffic spike to 207 Gbps targeting public web services, identified as volumetric DDoS attack.",Denial of Service,Synthetic-Enhanced
"Layer 7 application attack detected targeting login endpoint with 325 requests per second, exhausting server resources.",Denial of Service,Synthetic-Enhanced
"Application performance degraded severely due to sustained request flood from botnet, legitimate users unable to access services.",Denial of Service,Synthetic-Enhanced
"SYN flood attack consumed all available connections on edge routers, blocking legitimate traffic for 3 hours.",Denial of Service,Synthetic-Enhanced
"DNS infrastructure overwhelmed by amplification attack generating 88 queries per second, causing service outage.",Denial of Service,Synthetic-Enhanced
"SYN flood attack consumed all available connections on edge routers, blocking legitimate traffic for 2 hours.",Denial of Service,Synthetic-Enhanced
"Layer 7 application attack detected targeting login endpoint with 344 requests per second, exhausting server resources.",Denial of Service,Synthetic-Enhanced
"Layer 7 application attack detected targeting login endpoint with 254 requests per second, exhausting server resources.",Denial of Service,Synthetic-Enhanced
"Layer 7 application attack detected targeting login endpoint with 420 requests per second, exhausting server resources.",Denial of Service,Synthetic-Enhanced
"DNS infrastructure overwhelmed by amplification attack generating 286 queries per second, causing service outage.",Denial of Service,Synthetic-Enhanced
"Layer 7 application attack detected targeting login endpoint with 467 requests per second, exhausting server resources.",Denial of Service,Synthetic-Enhanced
"SYN flood attack consumed all available connections on edge routers, blocking legitimate traffic for 4 hours.",Denial of Service,Synthetic-Enhanced
"Layer 7 application attack detected targeting login endpoint with 361 requests per second, exhausting server resources.",Denial of Service,Synthetic-Enhanced
"SYN flood attack consumed all available connections on edge routers, blocking legitimate traffic for 6 hours.",Denial of Service,Synthetic-Enhanced
"Network operations center observed traffic spike to 491 Gbps targeting public web services, identified as volumetric DDoS attack.",Denial of Service,Synthetic-Enhanced
"Application performance degraded severely due to sustained request flood from botnet, legitimate users unable to access services.",Denial of Service,Synthetic-Enhanced
"Application performance degraded severely due to sustained request flood from botnet, legitimate users unable to access services.",Denial of Service,Synthetic-Enhanced
"DNS infrastructure overwhelmed by amplification attack generating 380 queries per second, causing service outage.",Denial of Service,Synthetic-Enhanced
"DNS infrastructure overwhelmed by amplification attack generating 293 queries per second, causing service outage.",Denial of Service,Synthetic-Enhanced
"SYN flood attack consumed all available connections on edge routers, blocking legitimate traffic for 10 hours.",Denial of Service,Synthetic-Enhanced
"Application performance degraded severely due to sustained request flood from botnet, legitimate users unable to access services.",Denial of Service,Synthetic-Enhanced
"Network operations center observed traffic spike to 396 Gbps targeting public web services, identified as volumetric DDoS attack.",Denial of Service,Synthetic-Enhanced
"DNS infrastructure overwhelmed by amplification attack generating 349 queries per second, causing service outage.",Denial of Service,Synthetic-Enhanced
"Layer 7 application attack detected targeting login endpoint with 121 requests per second, exhausting server resources.",Denial of Service,Synthetic-Enhanced
"Network operations center observed traffic spike to 124 Gbps targeting public web services, identified as volumetric DDoS attack.",Denial of Service,Synthetic-Enhanced
"DNS infrastructure overwhelmed by amplification attack generating 125 queries per second, causing service outage.",Denial of Service,Synthetic-Enhanced
"SYN flood attack consumed all available connections on edge routers, blocking legitimate traffic for 12 hours.",Denial of Service,Synthetic-Enhanced
"SYN flood attack consumed all available connections on edge routers, blocking legitimate traffic for 8 hours.",Denial of Service,Synthetic-Enhanced
"Application performance degraded severely due to sustained request flood from botnet, legitimate users unable to access services.",Denial of Service,Synthetic-Enhanced
"SYN flood attack consumed all available connections on edge routers, blocking legitimate traffic for 3 hours.",Denial of Service,Synthetic-Enhanced
"SYN flood attack consumed all available connections on edge routers, blocking legitimate traffic for 9 hours.",Denial of Service,Synthetic-Enhanced
"SYN flood attack consumed all available connections on edge routers, blocking legitimate traffic for 10 hours.",Denial of Service,Synthetic-Enhanced
"Application performance degraded severely due to sustained request flood from botnet, legitimate users unable to access services.",Denial of Service,Synthetic-Enhanced
"Application performance degraded severely due to sustained request flood from botnet, legitimate users unable to access services.",Denial of Service,Synthetic-Enhanced
"DNS infrastructure overwhelmed by amplification attack generating 163 queries per second, causing service outage.",Denial of Service,Synthetic-Enhanced
"Network operations center observed traffic spike to 498 Gbps targeting public web services, identified as volumetric DDoS attack.",Denial of Service,Synthetic-Enhanced
"SYN flood attack consumed all available connections on edge routers, blocking legitimate traffic for 4 hours.",Denial of Service,Synthetic-Enhanced
"DNS infrastructure overwhelmed by amplification attack generating 401 queries per second, causing service outage.",Denial of Service,Synthetic-Enhanced
"DNS infrastructure overwhelmed by amplification attack generating 350 queries per second, causing service outage.",Denial of Service,Synthetic-Enhanced
"DNS infrastructure overwhelmed by amplification attack generating 59 queries per second, causing service outage.",Denial of Service,Synthetic-Enhanced
"DNS infrastructure overwhelmed by amplification attack generating 423 queries per second, causing service outage.",Denial of Service,Synthetic-Enhanced
"Layer 7 application attack detected targeting login endpoint with 468 requests per second, exhausting server resources.",Denial of Service,Synthetic-Enhanced
"Network operations center observed traffic spike to 384 Gbps targeting public web services, identified as volumetric DDoS attack.",Denial of Service,Synthetic-Enhanced
"Layer 7 application attack detected targeting login endpoint with 435 requests per second, exhausting server resources.",Denial of Service,Synthetic-Enhanced
"Network operations center observed traffic spike to 337 Gbps targeting public web services, identified as volumetric DDoS attack.",Denial of Service,Synthetic-Enhanced
"Application performance degraded severely due to sustained request flood from botnet, legitimate users unable to access services.",Denial of Service,Synthetic-Enhanced
"Network operations center observed traffic spike to 60 Gbps targeting public web services, identified as volumetric DDoS attack.",Denial of Service,Synthetic-Enhanced
"Network operations center observed traffic spike to 413 Gbps targeting public web services, identified as volumetric DDoS attack.",Denial of Service,Synthetic-Enhanced
"SYN flood attack consumed all available connections on edge routers, blocking legitimate traffic for 3 hours.",Denial of Service,Synthetic-Enhanced
"DNS infrastructure overwhelmed by amplification attack generating 129 queries per second, causing service outage.",Denial of Service,Synthetic-Enhanced
"Network operations center observed traffic spike to 113 Gbps targeting public web services, identified as volumetric DDoS attack.",Denial of Service,Synthetic-Enhanced
"DNS infrastructure overwhelmed by amplification attack generating 249 queries per second, causing service outage.",Denial of Service,Synthetic-Enhanced
"DNS infrastructure overwhelmed by amplification attack generating 421 queries per second, causing service outage.",Denial of Service,Synthetic-Enhanced
"Application performance degraded severely due to sustained request flood from botnet, legitimate users unable to access services.",Denial of Service,Synthetic-Enhanced
"DNS infrastructure overwhelmed by amplification attack generating 471 queries per second, causing service outage.",Denial of Service,Synthetic-Enhanced
"Network operations center observed traffic spike to 111 Gbps targeting public web services, identified as volumetric DDoS attack.",Denial of Service,Synthetic-Enhanced
"DNS infrastructure overwhelmed by amplification attack generating 218 queries per second, causing service outage.",Denial of Service,Synthetic-Enhanced
"DNS infrastructure overwhelmed by amplification attack generating 293 queries per second, causing service outage.",Denial of Service,Synthetic-Enhanced
